Rachel,27,"Woman | Straight | Monogamous (Single) | 5 ft 4 in | Curvy | Black, Native American, | Politically liberal | English, Spanish | In college | Self-employed | Other religion | Aries | Doesn‚Äôt smoke cigarettes | Drinks sometimes | Smokes marijuana sometimes | Omnivore | Doesn‚Äôt have kids and doesn‚Äôt want them | Has cat(s) | Looking for Men | Long-term dating",and hip hop -Any cool thing that interests me. -Getting laid with your kids and growing families -Not too concerned at all with the social media or the social media landscape. -Looking for some family advice for you. This person (or her family or some other member) makes it sound like you know what that person is (and that you're talking to). Be serious and take responsibility for your own well being. And yes I think it's
√âlan,19,"Woman | Monogamous (Single) | Looking for people | New friends, Short-term dating, & Hookups","

Euzyk Profile Blog Joined June 2012 4667 Posts #22 On January 06 2015 04:41 euzyk wrote:

Show nested quote +

On January 06 2015 05:50 niethek wrote:

On January 06 2015 03:44 Euzyk wrote:

On January 06 2015 01:50 niethek suggested that I might not take CS:GO this semester as this will give me the chance to play other CS:GO competitions but not at CS:GO tournaments. I am looking more for a more competitive CS:GO and will look beyond being an individual player and professional coach to try other CS:GO tournaments on my personal schedule. I will also be doing a coaching session for euzyk in May for his new coaching company.


This is something I wanted to consider but don't feel very comfortable with. I also"
Jess,27,"Woman | Straight | Monogamous (Single) | 5 ft 4 in | Curvy | Black, Native American, | Politically liberal | English, Spanish | In college | Self-employed | Other religion | Aries | Doesn‚Äôt smoke cigarettes | Drinks sometimes | Smokes marijuana sometimes | Omnivore | Doesn‚Äôt have kids and doesn‚Äôt want them | Has cat(s) | Looking for Men | Long-term dating","... I'm really interested in things that take a place within my world, and I don't quite know what my goals are. I'm interested in knowing something about a character. I'll probably look at things that go beyond a single story, from storybooks to books to movies etc. I will usually talk about all things that have a place in my life and not just being about the things that are in my world. To know that you have all"
Jenn,19,"Woman | Monogamous (Single) | Looking for people | New friends, Short-term dating, & Hookups",What do you need? What is your game plan? (gah boba) Well of course it is great how you are used to such. a lot of the things I do as a fan you want the same for me. what were these things I was supposed to do after you fell asleep? what do you wanna do? well we know you and me that you want boba i would like to have some things for you you know. you don't mind me. let me ask you a lot about these things because you can still feel the connection and we can see it in you. you don't need us to get you excited. now let me ask you an important question. if you were to die in a match it would be like a miracle. we never see these big scenes. what do you want you to do? when are we gonna get it into you? let me tell you. how do
Clarissa,37,"Woman | Straight | Monogamous (Single) | She/Her | 5 ft 3 in | Curvy | Black, | Politically moderate | English | Graduate degree (West Ga Technical College) | Retired (U.S. Army Veteran) | Christianity | Cancer sign | Doesn‚Äôt smoke cigarettes | Doesn‚Äôt drink | Intermittent Fasting | Has other pet(s) | Looking for Men | Long-term dating"," Bouncer

For a listing of all the places in this list to see a sample video please visit:"
Ney,29,"I‚ÄôM PRO-CHOICE | Woman | Straight | Monogamous (Single) | 5 ft 1 in | Full figured | Black | English, Spanish | In college | Employed full-time | Christianity | Doesn‚Äôt smoke cigarettes | Doesn‚Äôt drink | Never smokes marijuana | Intermittent Fasting | Doesn‚Äôt have kids but wants them | Has cat(s) | Looking for Men | Long-term dating"," like to stay where I can so I can enjoy life and not have to worry about being alone. I always enjoy spending time with my parents ‚ùåüòä This is not to say it's not a passion, but because he is the best. I want to be at his side on this planet with my little sister because when we are together the whole world will see in us. He has taken care of me and gave me a good home and all this support when things are going well"
Julie,24,"Woman | Straight | Monogamous (Single) | 5 ft 6 in | Curvy | Other ethnicity, | English | Self-employed | Cancer sign | Has dog(s) | Looking for Men | New friends, Short-term dating, Long-term dating, & Hookups","art, Facebook me, I try and keep my site updated with my latest posts.

If you're looking for a tutorial for your application, check out my beginner guide for beginners! üòÄ

Do you want to learn more about coding? Then this is your chance to give me one of your code to teach to you.

I only use GitHub and I want to be able to open myself up to tutorials and tutorials made by others here on this blog.

You can also post your own tutorial here, also using my social media. üôÇ"
Addie,31,"I‚ÄôM PRO-CHOICE | Woman | Bisexual | Monogamous (Single) | She/Her | 5 ft 6 in | Politically liberal | English | Employed full-time | Store Manager (TMX Finances) | Other religion | Aries | Doesn‚Äôt smoke cigarettes | Drinks sometimes | Smokes marijuana often | Has cat(s), Has dog(s) | New friends, Short-term dating, & Long-term dating"," it will finally happen once it's all said and done and you get to see that I have a lot of energy and I can get through life. :) Please feel free to send any gifts we can to: liza.george, james.shannon, klaxon, holly.dell, james.patt, yulie.mcalleny, nancy.nabrales, and nolong.


This blog is not intended for sale or to promote any legal or illegal activity. Please read"
Connie,22,"Woman | Bisexual | Monogamous (Single) | She/Her | 5 ft 5 in | Curvy | Black | Politically moderate | English | Graduate degree (Howard University) | Self-employed | Christianity (and it‚Äôs important) | Taurus | Doesn‚Äôt smoke cigarettes | Drinks sometimes | Smokes marijuana sometimes | Gluten Free | Doesn‚Äôt have kids and doesn‚Äôt want them | Has dog(s) | Looking for Men | New friends, Short-term dating, & Long-term dating"," Wednesday? I'm not interested.

Thank you,

Yana

I think you are a good choice. I would be less likely to miss the opportunity to connect if I didn‚Äôd go out to dinner and check out my local mall.

Yana

This girl was very helpful! She was awesome and very knowledgeable. She provided guidance and she sent a smiley face while also introducing herself! I would also be highly recommend her to your friends if you go with a friend for a quick meal! She always does a great job"
April,27,Woman | Monogamous (Single) | Looking for Men | Long-term dating,"

How to Read a Data Bank

We've already covered the basics here and so far it's one that will help us get our first look into the power of data banks, which has already been given a major focus by the world of data science.

To use a data bank, someone has to keep track of the amount of coins in circulation at all times by checking their balance before each trade of 10 coins or fewer.

For those interested, your data bank will contain a variety of different kinds of funds that you can use to send and receive this information. These funds are called 'coins' or digital currency, which is the word we will use for"
Rose,32,Woman | Monogamous (Single) | Looking for Men | Long-term dating," I grew up in a family where I love everything I go to with my family. Always get a job and always enjoy going to festivals & seeing all the great people there are in town.

My son is 5 years old! He loves it. He's an animal friendly kid. I was a really busy kid when I met him so I'm glad he's excited! I'm going to keep this blog to get his mind off of all the things we go to or if I ever need to know where my son is going.

You're welcome. Have a great day and enjoy the holidays.

~

~

P.S.

I know all of you are feeling a little worried about your kids as of now. Maybe if we've not all changed your mind, you might not"
Tay,29,"Woman | Straight | Monogamous (Single) | 5 ft 10 in | Full figured | White | English | Employed full-time | Atheism (and laughing about it) | Gemini | Smokes cigarettes regularly | Drinks sometimes | Doesn‚Äôt have kids but might want them | Has cat(s) | Looking for Men | New friends, Short-term dating, & Long-term dating",. But the one that really pushes me to be one myself is a piano. It is my favorite instrument of all. It is one of the most versatile. I love a song to hear from my partner on the piano. He will sing back and forth. It is so unique and the music really pushes me to take any instrument that doesn't even exist and play with it. I love the way we play. He is the glue he keeps on. Love it. That is not something I am not ready to share. What is going on? We are just beginning
Ana,33,"Woman | Straight | Monogamous (Single) | 5 ft 2 in | Average build | White | Politically conservative | English | High school | Employed full-time | Christianity | Pisces | Doesn‚Äôt smoke cigarettes | Drinks sometimes | Never smokes marijuana | Omnivore | Doesn‚Äôt have pet(s) | Looking for Men | New friends, Short-term dating, & Long-term dating",think I am an addict but after it has affected my life I now think I can finally stop. I wanted to spend more time with you and talk about how I feel and then maybe I'll change my mind. ¬†I know you're very cute but just a little too feminine and you look real real cute but after you had my boyfriend I was just really unhappy. I mean I don't need your face. I'm a beautiful girl and when I was a young girl I looked that way (laughs) but when I want I won
LeAnn,29,Woman | Straight | Monogamous (Single) | 5 ft 5 in | Fit | English | Christianity | Doesn‚Äôt smoke cigarettes | Doesn‚Äôt drink | Never smokes marijuana | Doesn‚Äôt have kids but might want them | Looking for Men | New friends & Long-term dating,"

No

Nanow

I live in Korea; I love being in a small country. I am also a big country boy. I wish the most happy people the best in my life. All living a happy, independent life!

L

Nayahah,I live in the USA. I am very comfortable as a girl. I love playing and reading and making me happy!

Not a Muslim man

Nanoo,I don't have a problem with white men in Nigeria and they don't like that I'm ""different"", but they don't love who I am in Nigeria or where I'm from, because it's ""different"" I'm not a Muslim man

Pakistani man I have lived to be"
Hina,35,Woman | Monogamous (Single) | Looking for Men | Short-term dating & Long-term dating," I'm still trying to be honest.""

So, for the record: I am very, very open with this idea that the idea that the public ought to be telling the truth about the things that they're fed information for is wrong.

I am not one to tell someone that they are a fraud, that they are lying, blah, blah, blah.

I think the fact that the public thinks these things is not valid is perhaps a more important problem than the fact that it would be really good for the public to tell people about its experience.

Why should the public have a say in this?

Well, one of the problems with the media is that it provides information that would be good for the government, because it's information that could be used for more information.

Think back to last year's media blackout. Then, when I came to write about the"
Maya,31,"Woman | Bisexual | Open to either Monogamy or Non-Monogamy (Single) | She/They | 5 ft 1 in | Thin | White | Politically liberal | English | Employed full-time | Bartender | Other religion | Leo | Doesn‚Äôt smoke cigarettes | Drinks sometimes | Smokes marijuana often | Vegetarian | Doesn‚Äôt have kids but wants them | Has cat(s) | Looking for people | New friends, Short-term dating, & Long-term dating"," that much insight into my personality, and they don't even bother to talk to me because it's just really offensive to them. That shit happens everyday. To the right. To the left. To the middle of it. I don't need to spend much time on it because it's awesome. I just want to do it. I've just never been willing to have anyone to do it for me. You don't take it for granted, I know that. I"
Connie,26,I‚ÄôM PRO-CHOICE | Woman | Straight | Monogamous (Single) | 5 ft 2 in | A little extra | Asian | English | Undergraduate degree | Catholicism | Leo | Smokes cigarettes sometimes | Drinks sometimes | Never smokes marijuana | Doesn‚Äôt have kids but wants them | Has dog(s) | Looking for Men | New friends & Long-term dating,", walk in life.

As far as I'm concerned, your message was very kind and thoughtful. My only concern is that people might just fall in love with the idea of taking your pictures, especially on the beach. There are too many reasons for a family, so don't read what was said about an older brother or sister. And for those who don't like your pictures, please let me know, I would appreciate any help. Thank you.

So I'm going in to ask you just what"
Angela,31,Woman | Monogamous (Single) | Looking for Men | New friends & Long-term dating," I am here to enjoy my life, as you should, and you have been here by yourselves, for I am here to bring you the opportunity of an experience that makes you want to explore your feelings, as well as to experience your emotions, and to bring you joy all the time. It is for the reason that there is a new phase that is beginning Ôºå and will move from an introspection. All of your lives you will always be different. So you are always different Ôºé Ôºî Ôºù ÓèÑ The New World Without YouÔªû Óäπ What Should A Woman Do To Get Her Body Off of It Ôºí ÓèÉ For a Woman who loves herself Ôºî ÓÇΩ Ôºù Ôºù The Beauty and Mastery of Our Beautiful BodyÔºî "
Crystal,22,Woman | Monogamous (Single) | Looking for Men | Hookups," at local institutions, colleges, local schools, nonprofits, & more! Meetups with new talent is available by calling 415-638-1890. Come join us from a community that values the spirit of community building and community interaction! Join the conversation with us about your interests and priorities! (See a list of upcoming events HERE.)

(Visited 30 times, 1 visits today)"
misty,30,"Climate Change Advocate | I‚ÄôM PRO-CHOICE | Woman | Straight | Monogamous (Single) | 5 ft 9 in | Average build | Middle Eastern, White | Politically moderate | English | Employed full-time | University Department Manager | Agnosticism | Leo | Doesn‚Äôt smoke cigarettes | Drinks sometimes | Never smokes marijuana | Omnivore | Doesn‚Äôt have pet(s) | Looking for Men | Long-term dating","

I have had this experience many times over and it wasn't easy but it was definitely worth it. I am also a pretty outgoing and creative girl. I will definitely be sending the best and most experienced of my colleagues a huge THANK YOU but do not be taken lightly as this could go against your personal ethos. I have written to my mom to encourage her to start a new business."
Anna,28,"Woman | Straight | Monogamous (Single) | 5 ft 6 in | Full figured | Black, | Politically conservative | English | Graduate degree | Employed part-time | Christianity | Leo | Doesn‚Äôt smoke cigarettes | Drinks sometimes | Never smokes marijuana | Omnivore | Doesn‚Äôt have kids but wants them | Doesn‚Äôt have pet(s) | Looking for Men | New friends, Short-term dating, & Long-term dating"," find your focus to be high on the past and seek to attain spiritual enlightenment, a majority of us are likely not going anywhere, we may have no insight. To a large extent, you are probably saying what you want others to believe but you are using your imagination and your own words. Is that what you just said?? „Öé„Öé„Öé - I'm a big fan of the church and pray in front of it.... When that happens"
Mila,23,"Woman | Straight | Monogamous (Single) | 5 ft 5 in | Average build | Black, | Politically conservative | English, Swahili | In college | Employed part-time | Christianity | Leo | Doesn‚Äôt smoke cigarettes | Doesn‚Äôt drink | Never smokes marijuana | Omnivore | Doesn‚Äôt have kids but wants them | Doesn‚Äôt have pet(s) | Looking for Men | Long-term dating"," for more fun (you guys are welcome to join me!)

-I'm really funny & sarcastic, I've never been a complete goofball and I like to work at my own pace, even when others aren't around.

-I always take myself seriously and have a very deep understanding of what a serious work is. This is one way of answering why my family likes me so much

-I get the feeling I spend so much time in a social class. I always have an intense sense of self, I don"
Kay,25,Woman | Monogamous (Single) | Looking for Men | Long-term dating,"üéâ

Reply ¬∑ Report Post

Post by Roshani

I am now coming out with a lot more about the site too! This is another one where it gets even better and makes the site more accessible, but also I have yet to do any of the ""in-depth"" tutorials before so I can't comment too much on some of them, but here they are:(As for writing them myself :-D)Here they are...I am using my very own character and I've decided to start with my best. I have a short story about a man named Goro who is the heir to a very prosperous empire which is governed only by his wife. It has become clear to me since we have the main characters that he is a real man. The main character is"
Strawberry,21,"I‚ÄôM PRO-CHOICE | Woman | Bisexual | Bottom, Femme | Monogamous (Single) | She/Her | 5 ft 0 in | Curvy | Black, | English | In college (Agnes Scott College) | Employed part-time | Barista (Starbucks) | Other religion | Pisces | Doesn‚Äôt smoke cigarettes | Drinks sometimes | Smokes marijuana sometimes | Omnivore | Doesn‚Äôt have kids but wants them | Doesn‚Äôt have pet(s) | Looking for people | New friends, Short-term dating, & Long-term dating","‚Ä¶or anything that just keeps on coming for me.

‚Äì ‚Ä™I'll admit that I like other women with the right gender on this subreddit. I just can't find anyone here willing to deal with what the most ridiculous of female show stars are having to endure. I'm really a girl, no sex or sexuality or anything like that!

‚Äì ‚Ä™Hey, people with less hair can still watch the show! It seems like a natural part of the show to find girls with more hair, and have a chance to really see what they've discovered when not as hair-less as men with more hair‚Äîand, of course, that happens at night!

‚Äì ‚Ä™Oh"
Addie,31,"Woman | Bisexual | Open to either Monogamy or Non-Monogamy (Single) | She/Her | 5 ft 3 in | Curvy | White | Politically liberal | English | Freelance worker | Fight and Intimacy Director, Tour Guide (Self-employed) | Taurus | Doesn‚Äôt smoke cigarettes | Drinks sometimes | Smokes marijuana often | Doesn‚Äôt have kids but might want them | Has cat(s) | Looking for people | Short-term dating & Long-term dating","s. #frokinglygoods. BFF. One of those people who's always looking for anything cool. She'll never get it.

I always leave people better than I found them. Young, vibrant, gym-cat with cats, bourbon-loving, whip-cracking, foodie with jokes for days. Casually looking for something serious. Love to meet new folks, learn new things, go to"
Sabrina,25,"Woman | Pansexual, Straight | Monogamous (Single) | 5 ft 4 in | A little extra | Black, | Other political beliefs | English | High school | Unemployed | Other religion | Aquarius | Smokes cigarettes regularly | Drinks sometimes | Smokes marijuana often | Omnivore | Doesn‚Äôt have kids and doesn‚Äôt want them | Has cat(s) | Looking for Men | New friends & Long-term dating"," this isn't even real I like having all my friends in real life just like me I want to get away from this shit I just get off Tinder and go my own way I dont like having to live through everything and living my life as if you didnt want me fucking around I like being alone and then finding you somewhere when you're in love with something else ü§ô

RAW Paste Data

[Female] [Cockwhips] [Dildo in Mouth] So I saw your name in a bunch of shit I'll always be interested in you (laugh) but what if anyone tells you that your mom killed"
Sunidhi,36,"I‚ÄôM PRO-CHOICE | Woman | Pansexual | Open to either Monogamy or Non-Monogamy (Single) | She/Her | 5 ft 11 in | Curvy | White, | Politically liberal | English, Spanish | Employed full-time | Agnosticism (and laughing about it) | Leo | Doesn‚Äôt smoke cigarettes | Drinks sometimes | Smokes marijuana often | Omnivore | Has kid(s) and doesn‚Äôt want more | Has cat(s) | New friends, Short-term dating, Long-term dating, & Hookups"," and emotional connection! I can't wait for this.

10.

Bust is my favourite food. Sucks you right to your groin, and makes the next few lines feel like they're from hell. A few more words about this new food:

A burger. (It's one of my all time favourite food in my fridge!)

Burgers are delicious

The best cheeseburger on the table‚Ä¶

Makes the next morning, or until I"
Ally,26,Woman | Monogamous (Single) | Looking for people | Hookups,SC Animefreaktoo SC Animefreaktoo SC Animefreaktoo SC Animefreaktoo SC Animefreaktoo SC Animefreaktoo SC Animefreaktoo SC Animefreaktoo SC animefreaktoo SC animefreaktoo SC Animefreaktoo SC animefreaktoo SC animefreaktoo SC animefreaktoo SC animefreaktoo SC animefreaktoo SC animefreaktoo SC animefreaktoo SC animefreaktoo SC animefreaktoo SC animefreaktoo SC animefreaktoo SC animefreaktoo SC animefreaktoo SC animefreaktoo SC animefreaktoo SC animefreaktoo SC animefreaktoo SC animefreaktoo SC animefreaktoo SC animefreaktoo SC animefreakaway SC Animefreakaway SC Animefreakaway SC Animefreakaway SC animefreakaway SC animefreakaway SC animefreakaway
Tia,25,Woman | Monogamous (Single) | Looking for Men | New friends & Long-term dating," Please, don't look at him like he's a dick. His legs are so good at sitting down. What'd you say to my son? He doesn't know any better than me that I can do this‚Ä¶ he's always making me feel so good about himself. He's always smiling with one mouth open and the other at the same time, and whenever I sit down‚Ä¶ I have to turn my attention to him, or his ass, or I will have the last word. It's okay, but please, if you don't‚Ä¶ if it hurts, please look at me and turn away. I'll do it to you, too, that's for sure. I don't know what to say to you, boy, but don't hold back. You cannot let me down. I'm not doing that and for god's sake, I am not letting you go! I can't leave you with me when I"
Jinnie,28,"Woman | Straight | Monogamous (Single) | 5 ft 6 in | Full figured | Black, | Politically conservative | English | Graduate degree | Employed part-time | Christianity | Leo | Doesn‚Äôt smoke cigarettes | Drinks sometimes | Never smokes marijuana | Omnivore | Doesn‚Äôt have kids but wants them | Doesn‚Äôt have pet(s) | Looking for people | New friends, Short-term dating, & Long-term dating",". Now that they are officially out of the water, we got to sit down with the guys to get a better idea of what a good time it was and what it was like working with our old friends at Lucha Underground who are still getting paid for shows on a monthly basis. Today, the guys talk about how difficult it is for them to sell their shows. The guys tell me that the last few years they have been able to sell over $200,000 in tickets for their shows on every show on the last weekend of September. If you look at the previous year, their numbers were around $18,000+ and they had two full season shows on every Thursday after that, and were able to sell over $10,000 in tickets for each Saturday after that.

We are talking about this week's show, and we've got a little bit of an updated recap where they go off tangents about getting paid to perform on a weekly basis for $"
Samantha,28,"I‚ÄôM PRO-CHOICE | Woman | Straight | Monogamous (Single) | 5 ft 5 in | Fit | Asian, White, | Politically liberal | English | Graduate degree | Employed full-time | Doesn‚Äôt smoke cigarettes | Drinks sometimes | Never smokes marijuana | Omnivore | Doesn‚Äôt have pet(s) | Looking for Men | New friends"," I'm so sick of all these different life events that happen every day. Just seeing how these things are different makes me so sick. So I try for different things and want to get better and find better ways of finding the things I really love. This is one of my all time favourite activities, so thank you to me for letting me learn. The next day I woke up with a fever. I think my immune system was starting to fail... that would be the best thing to do. So i just started getting worse, so I don't know how long until I see"
Kelley,30,"Woman | Straight | Monogamous (Single) | She/Her | Full figured | Black, | English | Undergraduate degree | Self-employed | Christianity | Doesn‚Äôt smoke cigarettes | Doesn‚Äôt drink | Never smokes marijuana | Has kid(s) and might want more | Doesn‚Äôt have pet(s) | Looking for Men | New friends & Long-term dating"," My blog is a must read for any serious writer - no matter if it's a blog or an interview or a book! I always love to explain my work to my co-workers at a big, important, time. Sometimes I even send it to them if they like, or they like the idea. That's my personality: crazy crazy! And my blog is my thing!

If you like this article please take a moment to check out my other writing /"
Camarje,30,"Woman | Straight | Monogamous (Single) | 5 ft 7 in | Curvy | Black, | Politically moderate | English | Undergraduate degree | Employed full-time | Christianity | Doesn‚Äôt smoke cigarettes | Drinks sometimes | Never smokes marijuana | Doesn‚Äôt have kids but wants them | Has dog(s) | Looking for Men | Long-term dating","

Cynthia is a talented and creative singer who has performed in many shows. She is currently working on a show and her sound is very professional as well. Cynthia enjoyed her work at the Vocaloid Theater with great success before becoming vocalist for the band Hormone and performing with her on a variety of projects. She enjoys creating and recording for the bands her family and friends have worked with over the years. Cynthia loves playing music, so much so she even played guitar for Hormone himself for just a short while on stage while"
Queen,28,"Woman | Bisexual | Monogamous (Single) | She/Her | 5 ft 3 in | Full figured | White, | English | High school | Employed full-time | Virgo | Doesn‚Äôt smoke cigarettes | Doesn‚Äôt drink | Never smokes marijuana | Omnivore | Has dog(s) | Looking for people | New friends, Short-term dating, & Long-term dating"," when I was in elementary school, and I went to college and spent the summer getting to know a lot of other kids. My parents weren‚Äôt as big on college mascots for me (like I thought in elementary school), but a lot of them I know. So it was really cool to be able to go up and meet so many of my close friends. My family are big on mascots, and they‚Äôre all pretty cute. I have big ears and goats from"
jamese,27,"Climate Change Advocate | Woman | Straight | Monogamous (Single) | 5 ft 5 in | Curvy | Black | Politically liberal | English | Undergraduate degree | Employed full-time | Product Support Specialist (Podium) | Christianity (and it‚Äôs important) | Sagittarius | Doesn‚Äôt smoke cigarettes | Drinks sometimes | Never smokes marijuana | Omnivore | Doesn‚Äôt have kids but wants them | Doesn‚Äôt have pet(s) | Looking for Men | New friends, Short-term dating, & Long-term dating"," the many other gaming genres I enjoy, I'm always curious to hear about what's going on. Like my work related to MMOs too. If you have any questions about anything I'm doing or have done (like if the game was inspired by something you like), feel free to PM me (and ask about this) in ebts or any other form of media.

Related Posts

Posted: 11:45AM Posted on May 15th, 2013

If you do know something about this, just post"
Teresa,34,"Climate Change Advocate | Woman | Straight | Monogamous (Single) | 5 ft 5 in | Curvy | Black, Native American | English, Spanish | Graduate degree | Employed full-time | Leo | Doesn‚Äôt smoke cigarettes | Doesn‚Äôt drink | Pescatarian | Has kid(s) and doesn‚Äôt want more | Has dog(s) | Looking for Men | Long-term dating","d also love to see more of you. You are too cute and just not what we call cute. I am not a natural social media presence and want to have you at least pretend I am not a social media follower.

Now let's go to my favorite typeface, and I'll explain: Tenderty, not the tinky. The tinky is a type of color-coded skin that allows people to choose which colors to wear (and what shades to wear). If you'd like to see the other color changes (which would be nice too"
Dian,32,"Woman | Pansexual | Monogamous (Single) | Curvy | Hispanic / Latin, | Politically moderate | English | In college | Employed full-time | Leo | Smokes cigarettes sometimes | Drinks sometimes | Smokes marijuana sometimes | Omnivore | Doesn‚Äôt have kids but might want them | Has cat(s), Has dog(s) | New friends & Hookups"," :( I love my Instagram and I like to be my own avatar :) Here's some of my new friends on the go: http://www.facebook.com/groups/Zombieheath89/ Twitter for instant, direct access to more than 1000 new ones that you can see from Facebook with the snapchat app. Instagram is my favorite app, and I have a new friend coming to sign in :)

I've had to delete or change my name for a while now and I haven't figured out how to update it. Would you just give it a try, I've had to delete or change my name for a while now and I haven't figured out how to update it. Would you just give it a try, Facebook or Snapchat.

I've"
Audrey,26,Woman | Straight | Monogamous (Single) | She/Her | 5 ft 7 in | Full figured | Black | Other political beliefs | English | High school | Employed full-time | Manager | Christianity | Gemini | Doesn‚Äôt smoke cigarettes | Drinks sometimes | Smokes marijuana sometimes | Omnivore | Doesn‚Äôt have kids but wants them | Doesn‚Äôt have pet(s) | Looking for Men | New friends & Long-term dating,passions and the best part is I can come to any one in my life.
Something Different,33,"Woman | Straight | Monogamous (Single) | 5 ft 5 in | Thin | White | English | Pisces | Has cat(s) | Looking for Men | New friends, Short-term dating, & Long-term dating"," Just leave your email, if you'd like to be notified if I'm updated. Also, you get to view my work and your pictures every weekday throughout the year.

The next time you're in town for a trip or visit, tell me your story over the phone ‚Äî on the phone or on the site. If this doesn't answer your questions, please leave them in the comments!

So, is it okay to be a photographer? You have to think about it. Ask yourself if you can be a photographer for a living, and what would make you feel better about your whole life, what would you look like without a photographer? It might make a difference‚Äîlet's face it, if you're feeling a little lightheaded and want to be a really good photographer, then you might just want to be a photographer.

If you choose and follow this list,"
Lisa,33,"Woman | Straight | Monogamous (Single) | 5 ft 1 in | Average build | Other ethnicity, | English, Portuguese | Graduate degree | Employed full-time | Other religion | Leo | Doesn‚Äôt smoke cigarettes | Doesn‚Äôt drink | Never smokes marijuana | Vegetarian | Has kid(s) and might want more | Has dog(s) | Looking for Men | New friends & Long-term dating"," more and I have read a wide variety of websites and am looking for someone to talk to about any of this. Tell me where you want to go next!


I have read and read about everything from Pokemon films to the latest popular manga, I was inspired by Anime and movies in general. I want to get my own personal story of that experience. How did you get involved with the online dating service and to how do you meet the person with the most potential and passion?


I am trying to find someone who I can meet online to share a love story. There"
Nicole,35,"Woman | Straight | Open to either Monogamy or Non-Monogamy (Single) | She/Her | 5 ft 5 in | Curvy | Black, | Politically liberal | English | Graduate degree | Employed full-time | Clinical Pharmacist | Christianity | Taurus | Doesn‚Äôt smoke cigarettes | Drinks often | Omnivore | Doesn‚Äôt have kids but might want them | Has dog(s) | Looking for Men | Short-term dating"," my friends and family happy in a group. But when I talk to my friends about their lives, the conversations are a little more personal, not just the intimate ones.

How often do you write to the right people? How do you feel people need to understand? What does being the first person you met feel like?

Why is it so hard for people to find a partner who loves you? Or maybe you are looking for someone who likes you. They are not interested, and they don't need to see you in person or with a lot of"
Jade,30,"Woman | Straight | Monogamous (Single) | 5 ft 5 in | Fit | Asian, | Other political beliefs | English | In college | Employed full-time | Atheism | Aquarius | Doesn‚Äôt smoke cigarettes | Drinks sometimes | Never smokes marijuana | Omnivore | Doesn‚Äôt have kids but wants them | Has cat(s) | Looking for Men | New friends & Long-term dating"," Every step you take means a new beginning. And so, there is a big feeling of self-sacrifice for your new development. (A few times a month, I would get myself into the backseat of my car and drop off my bags in Times Square while reading this and then sit and ride on a bus in Brooklyn every now and then.) You can see many of the different behaviors in the world today that I have experienced, but it is something I believe comes from a deeper being who is in control of our human development. One of the things I wish more people had understood when they look at the world is that evolution affects us as creatures, as children, as kids, but this shift in perspective shows us the power of love. We can be strong,"
Dara,33,"Woman | Straight | Monogamous (Single) | 5 ft 2 in | Full figured | Black, Native American | Other political beliefs | English | Undergraduate degree | Employed full-time | Christianity | Scorpio | Drinks sometimes | Never smokes marijuana | Vegan | Has dog(s) | Looking for Men | Short-term dating & Long-term dating"," long and tough guy to be frank about this. I want to make YOU enjoy one of two things of mine. The first is that my friend and I are not at it yet; while this may sound like a spoiler, let me point it out. I've been dreaming up some amazing story ideas for this book while I'm at it. This one just won't go out, so do not get your hopes up, your prayers on me. The second one is that I'm the type of person who gets involved with all kinds of stories but I'm not making a big splash with"
Mia,25,"Woman | Monogamous (Single) | Looking for Men | New friends, Short-term dating, & Long-term dating",".‚Äº‚Ä¨This is what I'm talking to you. All right, Mr. Chairman?‚Äº‚Ä¨I‚Ä™d be there next‚Äº‚Ä¨or I‚Ä≠‚Ä≠‚Ä∫th‚Ä¨should‚Äº‚Ä¨bring me there‚Ä¥‚Ä±,‚Äº‚ÄπAnd then I will give you this‚Ä≤‚ñ≤‚Ä≤‚Ä≤‚ñ≤‚ñ≤‚ñ≤‚Ä≤‚ñ≤‚Ä≤‚Ä≤‚Ä≤. You know, I know a lot about the military, I really do, because I think that's what they're really looking for, and I don't want to hurt somebody. So you know, you know, if I can keep getting hit more often, I've got to do it. So I could give you one or two more shots. You got some serious, I'm sure, injuries in, I'm sure this is something that they've been training for as long"
Emiliana,35,"Woman | Straight | Monogamous (Single) | 5 ft 1 in | Curvy | Indian | Other political beliefs | English, Gujarati | Employed full-time | Pharmacy tech | Hinduism (but it‚Äôs not important) | Virgo | Doesn‚Äôt smoke cigarettes | Drinks sometimes | Never smokes marijuana | Vegetarian | Doesn‚Äôt have kids but might want them | Has other pet(s) | Looking for Men | New friends, Short-term dating, & Long-term dating"," great friends in this area. I'd love to come to Canada a bit more as an amateur.. Not sure about Canada. I'm looking for a great career here.


I am 25 years old (18 years and older) and am working at a dispensary in Halifax. I have been in the music industry for around 6 years now and have always wanted to become a professional musician. I am a former high school hockey player. I've played hockey from 2007 to 2013 at the National Junior league in Winnipeg for the Winnipeg Jets, Montreal Canadiens and Ottawa Senators.


I am from Halifax,"
Samantha,26,"Woman | Straight | Monogamous (Single) | 5 ft 5 in | Thin | Asian, | English, Chinese | In grad school | Employed full-time | Doesn‚Äôt smoke cigarettes | Drinks sometimes | Never smokes marijuana | Doesn‚Äôt have kids but might want them | Looking for Men | New friends, Short-term dating, Long-term dating, & Hookups","üòå


I am not sure why I have such a big issue with my phone but I have had to look at the list of things where I am having problems. I have been wondering why this number so far went up that many times? I feel I am one of those many and in my head this is the most likely reason you are having problems. We just couldn't find any other phone reviews to put forth and yet, my phone is really frustrating. There are some reviews of both the iPhone 4 and iPhone 4S that have an issue and if I am having any problems from the iPhone 4, I am on the fence about what to do because so many people I know use my phone.

I like my Lumia 535 I need to read up too‚Ä¶ the number is not up at all. Is this just my personal feeling, I can have complaints from some other people or maybe even have to call up company to"
Keshia,29,"Woman | Straight | Monogamous (Single) | 5 ft 2 in | Thin | White, | Politically liberal | English | Graduate degree | Employed full-time | Agnosticism | Doesn‚Äôt smoke cigarettes | Doesn‚Äôt drink | Never smokes marijuana | Doesn‚Äôt have kids and doesn‚Äôt want them | Has cat(s) | Looking for Men | Long-term dating"," I can't really blame you. After years of being an activist (and always fighting for others). Your support at all costs will make your life easy, and will help make my life a better one.

There is nothing like you. Your support is priceless, if a bit overwhelming. And if you don't believe I'm that kind of person, you should know that my other interests and those of my family mean so much. I never get one word in those words. They all have value. For that reason, I have to work with you every step of the way for you to be taken care of by the system (and this is where the biggest lie to my family/friends will be most clearly shown in the next few days).

Thank you,

Bridget

Advertisements"
Jay,21,"Woman | Monogamous (Single) | Looking for Men | New friends, Short-term dating, Long-term dating, & Hookups"," :D

[img]http://www.goodenoughit.tv/images/v2/v3/image/1329/15/19-11-19-1512072960.jpg[/img]


Tutorial

What is it?

The whole thing is a combination of Photoshop CC, Illustrator and Unity 3D Studio. What it brings is the whole point, as it will just display in Sketchup.


Here are the main goals for this project.

I want to be able to use all the free and open source Sketch3D assets to render the design and draw the body as smooth as possible.

I wanted to keep everything simple and simple. There are different things to do for your sketches. I have included a little bit of code to set the color that will show in the sketches above.


"
VIII,32,"Woman | Straight | Monogamous (Single) | 5 ft 8 in | Average build | Black, Native American | Politically liberal | English, Sign Language | Undergraduate degree | Aries | Doesn‚Äôt smoke cigarettes | Drinks sometimes | Never smokes marijuana | Omnivore | Has kid(s) and might want more | Doesn‚Äôt have pet(s) | Looking for Men | New friends, Short-term dating, & Long-term dating","

One of the most popular themes for the season is the ""Live in the Wild"" theme park. The park features three parks - Big Bear in the North and a Wildcat in the South. The West and Central are the biggest and newest. It is filled with many iconic theme parks and music venues and we do not just see big pop music at Big Bear. We also see live musical performances and live video. One feature that you should know about is that there are live music events to film at them. There may even be music from bands and festivals going"
Dara,21,"Climate Change Advocate | Woman | Straight | Monogamous (Single) | Curvy | Black, | Other political beliefs | English | In college | Employed part-time | Christianity | Taurus | Doesn‚Äôt smoke cigarettes | Doesn‚Äôt drink | Never smokes marijuana | Omnivore | Doesn‚Äôt have kids but might want them | Doesn‚Äôt have pet(s) | Looking for Men | New friends, Short-term dating, & Long-term dating",. GIVE ME MY CASH!! DONT GET HELP FROM ME!!!!. TOUGH WORK. A HEXUAL TENDENT! My Wife Was Going To A Girl's Club. She LOVED IT! She Just Needed More Money. I had no interest in dating a guy. I was tired. All that time he made fun of me
Michaela,35,"Woman | Straight | Monogamous (Single) | 5 ft 4 in | Thin | Politically moderate | English | Graduate degree | Employed full-time | Atheism | Doesn‚Äôt smoke cigarettes | Drinks sometimes | Smokes marijuana often | Omnivore | Doesn‚Äôt have kids but might want them | Has cat(s), Has dog(s) | Looking for people | Long-term dating","

Thank you for joining us

Yours in adventure

Stacy

Love this:"
Alex,23,Woman | Bisexual | Monogamous (Single) | Looking for people | New friends & Long-term dating," But there's a strange story out there. I love I'm a woman. I loved the way she kept me from a life of shame, of wanting to keep doing stuff she liked. And the way that she helped her daughter and made her proud. I'm one of those women who always want to do, I want to do, I want work and make my own money, and I've always wanted to do what I love, and I feel great about my mother doing it. I felt guilty for giving her the tools and not doing everything I think I should have done. But this, this is the way it has to be done on a daily basis, that's what you do. It needs someone to take your life away, to go back to work. And that's really what I wanted to do. I know what my mother was"
Kayleigh,37,"Woman | Straight | Monogamous (Single) | 5 ft 4 in | Fit | White | Politically moderate | English | Undergraduate degree (SCAD) | Employed full-time | Senior Designer (TBS, TNT, truTV @ WarnerMedia) | Christianity | Pisces | Drinks sometimes | Smokes marijuana sometimes | Omnivore | Doesn‚Äôt have kids but might want them | Has cat(s) | Looking for Men | New friends, Short-term dating, & Long-term dating"," now. I live at home or go to see the movie 'Boys In The Girls Club', something I know nothing about. I mean I'm kind of a brat or some kid who doesn't like to talk about shit but I've got my reasons. This is what happens when you try to start a conversation/share some perspective but if you're too smart it's actually funny. ¬†I've been to a concert or music event where I've just come out and been there for five"
Jenn,30,"Woman | Straight | Monogamous (Single) | She/Her | 5 ft 5 in | Thin | Asian | English, Chinese (Mandarin), Spanish | Graduate degree | Full time graduate student | Christianity | Scorpio | Doesn‚Äôt smoke cigarettes | Drinks sometimes | Never smokes marijuana | Omnivore | Doesn‚Äôt have kids but wants them | Doesn‚Äôt have pet(s) | Looking for Men | New friends & Long-term dating"," be.‚Ä†‚Ä†As a result of the power of the womb and as your body is made up of love, you will become a being that is perfect for you. If you go outside, watch the sun, or you are alone, do not move, live alone, nor do you sit in a room with people that have"
Solvi,24,"I‚ÄôM PRO-CHOICE | Woman | Straight | Monogamous (Single) | 5 ft 4 in | Average build | Black, Hispanic / Latin, White | English | Unemployed | Christianity | Capricorn | Doesn‚Äôt smoke cigarettes | Doesn‚Äôt drink | Never smokes marijuana | Omnivore | Doesn‚Äôt have kids but wants them | Doesn‚Äôt have pet(s) | Looking for Men | New friends, Short-term dating, Long-term dating, & Hookups","üòÇ And a big body, like me that makes them feel like they deserve to come at me like some shit. I do not understand if u are thinking of making my hair too short or not.

This is from Instagram at the time of posting:

I am getting pretty close to starting a blog about the amazing people we know, and have been loving the blog for a really long time. If you know of anyone who will share your pics and photos, please do them. I am only making fun of myself and not other men. I'm trying to make fun of myself so I can share with my entire community. If you share this, I guarantee it will be awesome. No matter how ugly my pics and photos, if i"
Priscila,22,"Woman | Straight | Monogamous (Single) | She/Her | 5 ft 8 in | White | English, Italian, Polish | Self-employed | Libra | Smokes cigarettes regularly | Drinks sometimes | Smokes marijuana sometimes | Doesn‚Äôt have kids but might want them | Looking for Men | New friends, Short-term dating, Long-term dating, & Hookups"," I'm so happy

I was the second on stage at the event to give her a ""thanks"" and told her she should thank the people at the next event and that ""it's nice to have a little help from the community to help with things."" It gave me a reason to help.

""The other girl on stage also said, 'you'd be awesome with all of your tools in that chair and your voice on this,' "" she said, ""the way you would make us stand out""


It would have been nice if she was not so busy trying to stand out and help those at the next event that came before and didn't come even close!

What kind of help would you offer? She would tell the audience about her efforts and ask them to use the tools as much she could.

I love writing this chapter. It"
Sam,20,"Woman | Straight | Monogamous (Single) | 5 ft 9 in | Full figured | Hispanic / Latin, | English, Latin, Other language | In college | Employed part-time | Scorpio | Doesn‚Äôt smoke cigarettes | Drinks sometimes | Never smokes marijuana | Omnivore | Has dog(s) | Looking for Men | New friends, Short-term dating, & Long-term dating"," I would just try anything to be at another party, meet someone I'd like to meet, play some games and relax every now and then. I like to live by my own rules and never get caught up in other's decisions. It's not about just giving stuff to people, you have to do this as a group or we get caught up on our own emotions. So all of the time, I'm not sure about it but I feel that it's worth my time trying to get at someone's heart. Every time I see someone on Twitter, for example, it's the same. When we go to another party, for example, I always ask, ""Which is the favourite part of the night, do you all talk all the time?"" It's not about a party though‚Ä¶ and while I really enjoy being with people who have"
Kathy,30,Woman | Monogamous (Single) | Looking for Men | Long-term dating,"

So there you have it, my friends. While I am busy trying to get my life back together as we thought, there are certain parts of my life that never make sense to someone like you. You are a person I would like to know and help me to get through these difficult times. I'm not sure how your life would look if for something happened to you. I don't need for that to happen, and I wish you all the best of luck."
Lauren,33,"I‚ÄôM PRO-CHOICE | Woman | Straight, Heteroflexible, Queer | Open to either Monogamy or Non-Monogamy (Single) | 5 ft 8 in | Curvy | White | Politically liberal | English, German | Undergraduate degree | Employed full-time | Atheism | Smokes cigarettes sometimes | Drinks often | Omnivore | Has cat(s) | Looking for Men | New friends & Long-term dating"," what others want. Compassion for self and what others want. ***If you can manage to win the game, YOU are going to get more work, more opportunities, more clients. Don't lose any more money. Don't lose money in a time like this. Don't lose money on a longterm basis.. Don't lose money on a short term basis. No ego to backstab other people or anyone else.. Don't lose interest.. Don't lose interest in any idea until there"
Shannon,30,"Woman | Straight | Monogamous (Single) | 5 ft 6 in | A little extra | Black, | English | Graduate degree | Employed full-time | Doesn‚Äôt smoke cigarettes | Drinks sometimes | Doesn‚Äôt have pet(s) | Looking for Men | Long-term dating"," not from me. Also two of the pics are also from me, don't bother! You can find me on Instagram http://www.instagram.com/chris-briens 1,2,3 is still in premed, but i think he might be ready right now.

Tags: my face, my boyfriend, my best friends, my girlfriend, my girl, my life!


1 of 2 Add photo"
Angela,29,Woman | Pansexual | Monogamous (Single) | She/Her | 5 ft 6 in | A little extra | White | Politically liberal | English | Undergraduate degree | Employed full-time | Agnosticism | Leo | Doesn‚Äôt smoke cigarettes | Drinks often | Never smokes marijuana | Omnivore | Doesn‚Äôt have kids and doesn‚Äôt want them | Doesn‚Äôt have pet(s) | Looking for people | New friends,times for them to ignore the fact that it has a long shelf life. It's time to kick your head out from under you and think how I'm being overly aggressive on you. Why do I feel the need to be too aggressive for you? I'm not a passive person. I'm here because I find a way to make people happy. I'm here for one reason ‚Äì because I love living with people. Life is my life. It's what I love to do.. To take care of myself and find happiness in others. I like to do this by doing everything I can
Ana Lu√≠sa,25,"I‚ÄôM PRO-CHOICE | Woman | Straight | Monogamous (Single) | 5 ft 2 in | Thin | Asian | English, Indonesian, Spanish | Graduate degree | Employed full-time | Capricorn | Omnivore | Doesn‚Äôt have kids but might want them | Doesn‚Äôt have pet(s) | Looking for Men | New friends",". Friendship. (I love my country and its laws. I am a patriot.) But these are the names of things that I want to talk about. In this post, I'll take a look at a few of those things. I'll talk about something we can all talk about: getting together üëç at different points in life. I'll talk about a different way to get together. I'll talk about some things you can't talk about in your life. I'll talk about a certain type of person that makes you feel good. We'll talk about how you can do this the right wayüíú I've been doing it for 20 years. But why is it that most of the guys here work for a billion dollars?!

I'm so ashamed. You get what you choose.

My life changed in 2014. A whole lot. And I'm"
Jalisa,23,"Woman | Bisexual | Versatile | Monogamous (Single) | She/Her | 5 ft 4 in | Average build | Hispanic / Latin, White | Other political beliefs | English, Spanish | Employed full-time | Sagittarius | Drinks sometimes | Doesn‚Äôt have kids but might want them | Has cat(s) | New friends, Short-term dating, & Hookups"," are doing it, go home and find you something cool.

Now check out his stream here now...

http://www.twitch.tv/pokemonhunter2

Follow us on: twitter and Facebook

Like us on facebook for more games"
Lindsay,23,Woman | Monogamous (Single) | Looking for Men | New friends & Long-term dating," hmu: I'm sorry lilbuttshay, I got a response from a server on your server so we can discuss the differences in things. hmu: What happened? hmu: What is this message saying? hmu: That I'm an expert in the game. hmu: What I did was pretty dumb. I'm an Expert in 1st person. hmu: How do you know? hmu: Well, you must realize i'm about to get some real data and I'm pretty sure you're not a master. og: oh wow. this was awesome. this is literally the only post on reddit with this answer! og: thank you so much! hmu: Wow, that was amazing hmu: you can't believe it was you that replied and did your best to clarify things"
Mariana,31,"Woman | Straight | Monogamous (Single) | 5 ft 6 in | Average build | Asian, Hispanic / Latin, | Politically conservative | English | Graduate degree | Employed full-time | Christianity | Gemini | Drinks sometimes | Omnivore | Doesn‚Äôt have kids but might want them | Has cat(s) | Looking for Men | Short-term dating & Long-term dating"," If I have an opportunity like you in the future I am your only chance. I have every intention to show the world that I am not only a great explorer, someone who might save other's life. Please, don't worry about what is for certain, because if this year is to you then that will be because I have the courage to stand up against adversity. I want you to do the best for yourself, but only when it is for the sake of others. A great adventurer who does not need a guide or mentor."
Maggie,28,Woman | Straight | Monogamous (Single) | Looking for Men | New friends & Long-term dating," What a nice person. I am proud of this amazing group of people you have. I am glad I have chosen to have an agent. I am also happy that I am here now. You know, at the point of entry you were just looking for work. You had a great time talking to me about this group.

""You may not have been the person you claimed to be to start, but I think you are better at taking responsibility for what you do than you were previously. I believe you believe you should take responsibility for not being able to be part of any of this. Do you know how difficult getting to this stage is for you right now?""

""Oh, I would, but I have got nothing to lose by playing with that game. I can take responsibility for my actions, for doing what I want without making mistakes. As a person who"
Karina,30,Woman | Straight | Monogamous (Single) | She/Her | 5 ft 7 in | Politically liberal | English | Agnosticism | Gemini | Doesn‚Äôt smoke cigarettes | Doesn‚Äôt drink | Smokes marijuana sometimes | Doesn‚Äôt have kids but wants them | Has dog(s) | Looking for Men | Long-term dating," a busy intersection (the most important skill)

As a teenager in the west, I was looking for some kind of career path from my father and was always looking for a way out. I went about my daily business, but eventually decided that my parents was just too lazy and didn't want to help me. I always said to myself to stay within my abilities. I didn't need to say much and I just went to school and moved in with the other kids. My dad never talked about it, so I"
Kelsey,29,"Woman | Straight | Monogamous (Single) | 5 ft 5 in | Average build | Black, | Other political beliefs | English | High school | Employed full-time | Other religion | Aries | Doesn‚Äôt smoke cigarettes | Doesn‚Äôt drink | Never smokes marijuana | Doesn‚Äôt have kids but wants them | Has dog(s) | Looking for Men | New friends, Short-term dating, & Long-term dating"," https://t.co/VH8f9DV1X6z

5 5/23/2016 16:01:22 Male 15-29 UK

Location: North Carolina USA i got a girlfriend and now its going to be pretty difficult as i have seen some of the best action pictures of all time so its pretty damn hard to say what's in store there. so if that is your problem then you have to have a good understanding about movies and movies should go with reality shows

6 5/23/2016 16:01:40 Female 3-6 years UK

Location: London UK this is a shitty home body i am in"
Caroline,33,"I‚ÄôM PRO-CHOICE | Woman | Straight | Monogamous (Single) | 5 ft 7 in | Curvy | White, | Politically liberal | English | Undergraduate degree | Employed full-time | Christianity | Libra | Doesn‚Äôt smoke cigarettes | Drinks sometimes | Looking for Men | Long-term dating",@CrimsonLunaticPics I live at the Church of Scientology. I love to live in the city! I think there could be a way to travel to LA that was less expensive and more affordable and would bring you to LA where there is a community and community is centered around the church and I hope that can happen there! I‚ÄÖt looking to find something that could be that that could save me some money and maybe help someone out there to change my life and help me achieve something. Thank you. @ShelsBryan @Equality_Kresek @Jared_
Hannah,32,"Woman | Straight | Monogamous (Single) | 5 ft 7 in | Average build | Asian | Politically moderate | English, Chinese (Mandarin) | Graduate degree | Employed full-time | Agnosticism | Scorpio | Doesn‚Äôt smoke cigarettes | Drinks sometimes | Never smokes marijuana | Pescatarian | Doesn‚Äôt have kids but wants them | Doesn‚Äôt have pet(s) | Looking for Men | Long-term dating"," have a bad mouth, a bad back, bad lip, bad tongue, a bad cough and if you want to know what it is like to wear a dress like that‚Äô I‚Äôm a good person, so thank you ‚Äô for that.

I mean I never knew about public shaming, I don't know if you think or what, just kind of a hobby. I really did get it but I've never had some kind of personal relationship with you. I didn't give it big speeches but I do have some good advice and"
Pooja,23,"Woman | Straight | Monogamous (Single) | 5 ft 2 in | Fit | White, | English | In college | Christianity | Cancer sign | Doesn‚Äôt smoke cigarettes | Never smokes marijuana | Doesn‚Äôt have kids but wants them | Looking for Men | Short-term dating & Long-term dating",". I'll never use it.

I have a 6'6"" male daughter. She prefers to hang out at a place in the woods. This place is nice. I would consider to date someone in the area and be willing to date a blonde guy - but if that guy is too hot I'm not sure. We live in the middle class area of the Bay Area and have a little bit of a sense of humor, but people just seem very shy. I met about 30 minutes late last Friday and talked to around 10 people, no one said much.

I work at a gym here. The general theme here is the fact that it's just me and that there's no rules at all and that you should have nothing to worry about, especially when you're dealing with the fact that everybody loves a different kind of sport"
Ainsley,21,"Woman | Bisexual | Monogamous (Single) | She/Her | 4 ft 10 in | Black, Hispanic / Latin | Politically liberal | Portuguese, English | In college | Employed part-time | Makeup artist | Atheism | Pisces | Smokes cigarettes sometimes | Drinks often | Smokes marijuana sometimes | Looking for Men | New friends & Long-term dating",".com

And if you feel like it, please drop a comment below. I use this as a form of motivation. Please read this page as we all have the power to have it. - - - - - - - - - - - - - - - - -

Q. How long will you be playing warzone? It will be your first in a US alliance. Thanks for considering us for your new friends!

A. You can't help me with my second and I want to thank you all for your kind words and friendship. I hope that your message is not too short and we can work through our differences.


Q. Why are there so few people in the US alliance?

A. I was shocked when I started to play warzone 2 years ago"
Mariela,22,"Woman | Bisexual | Monogamous (Single) | English | Looking for people | New friends, Short-term dating, Long-term dating, & Hookups","(s), friendly, kind, polite, sweet, kind, forgiving, good listener(s) and a sense of connection.

Being a parent can be intimidating, but it will also be your best friend. In other words, one day your child will need to ask what are the best friends to have, say 'I like you,'"" says B.R. James, a Ph.D. candidate at Washington University-Centre for Psychology and Psychiatry and the author of the book, ""Are You a Daddy?: The Power of Parenting and Attachment.

How will that relationship develop? James says it will depend upon both the kind of social interaction that the new parents experience and their ability to ""get along.""

One of a growing number of parents who do not use their children as a base for their own personal growth is the family member who's now under his/her influence. B.R. James"
Coco,27,"Woman | Straight | Monogamous (Single) | 5 ft 5 in | Curvy | Black, | Politically conservative | English, French, Swahili | Christianity | Aries | Doesn‚Äôt smoke cigarettes | Drinks sometimes | Never smokes marijuana | Looking for Men | New friends, Short-term dating, Long-term dating, & Hookups"," Senate Finance Committee Chairman Bill Nelson has repeatedly pledged that he sees no need to extend the so-called Deferred Action for Childhood Arrivals program (DACA). For the next two years he has to decide whether to increase coverage for illegal immigrants, or instead make it a priority for the Obama Administration to put DACA in place.

If his options are to ""re-examine"" DACA, then it would be difficult to imagine that it would be ""just fine"" to leave that program in place. Because of this, there may be no way to pass a balanced immigration bill, and there is still good reason to wonder, in the coming days, if it will even become a law.

And there is one other possibility ‚Äî that if we keep our immigration priorities in line, we will be better able to deport those who are already here and let them go back and do what they did under my grandfather, who made it so that they were not able to go home"
Ro,30,Woman | Monogamous (Single) | Looking for Men | Long-term dating,"

You think about winning games and how the world expects you to perform and how that won't keep you up for tomorrow? You think about winning and having a really great team and that team plays the best.

No matter what they do, you just run out the clock to win and get an easy win‚Ä¶ That's going to be you until the final whistle on the first game. And then you'll see how you're going to improve. That's how it goes.

When I told you I didn't really believe that you would even be able to beat your best team this year, you couldn't beat me on the scoreboard like that. No one could. And I'm talking about me. A lot of guys think I look like myself and it could be that way. I could be a lot more of that"
Crystal,34,"Woman | Straight | Monogamous (Single) | 5 ft 5 in | Average build | Black, Native American, | English, French | In college | Employed full-time | Christianity | Doesn‚Äôt smoke cigarettes | Drinks sometimes | Pescatarian | Doesn‚Äôt have kids but wants them | Doesn‚Äôt have pet(s) | Looking for Men | Long-term dating"," so I never get distracted with anything. I love to play sports. I'm from out south and have been in the past, both for love and fun. I love having friends who love my art and I'll take that to that next level on my next project. Also I'll never know what you're buying when you go to some place without any knowledge of the world around you. I love to play with friends, hang out in clubs, go for a day, go to conventions, and get my own hobby. I have my art collection,"
Jessi,33,"Woman | Bisexual, Pansexual, Heteroflexible, Straight, Queer | Open to either Monogamy or Non-Monogamy (Single) | She/Her | 5 ft 1 in | Curvy | White | Politically liberal | English, Spanish | Graduate degree | Employed full-time | Social Worker/Farmer/ Immigration Paralegal | Atheism | Capricorn | Drinks often | Doesn‚Äôt have kids and doesn‚Äôt want them | Has other pet(s), Has cat(s), Has dog(s) | Looking for people | New friends, Short-term dating, & Long-term dating"," socially, not at peace anymore. This is my first experience that this sort of thing goes on and people will say to me, ""well what should this man do to get away with it?"". I know that I'm not saying any sort of physical, and physical violence is NOT what this man did for me, but as my time is limited, I can't help but think it matters. I'd like to help him get our attention to the fact that I'm not a victim. If you want to share my view with other men,"
Aja,34,"Woman | Straight | Monogamous (Single) | 5 ft 7 in | Curvy | Asian, | Other political beliefs | English | Undergraduate degree | Employed full-time | Christianity | Taurus | Doesn‚Äôt smoke cigarettes | Doesn‚Äôt drink | Never smokes marijuana | Omnivore | Doesn‚Äôt have kids but might want them | Has cat(s) | Looking for Men | New friends & Long-term dating",". I'm afraid that there is something wrong with you,"" she said.

""He is a horrible dog, I never saw him but I think it probably is. The reason it is there is because it had this horrible nose... I think it was a bit of a nose infection.""

Diane said she wanted to know what it was that drew her to ""hearts of gold"" and if she was to die of it. This sounds like something people would want to know why people don't know. The reason it was there is because she had been feeding her pets at night and this was a very large dog that lived around it in their family. It could have been a whole family, too, as she was feeding her puppies. She was told to stop feeding the ones that had just died.

""I don't know why they are so scared,"" Diane"
Anh,24,"Woman | Straight | Monogamous (Single) | 5 ft 3 in | Fit | Asian, | Politically conservative | English | Undergraduate degree | Employed full-time | Christianity | Gemini | Doesn‚Äôt smoke cigarettes | Drinks sometimes | Never smokes marijuana | Omnivore | Doesn‚Äôt have kids but wants them | Has dog(s) | Looking for Men | New friends, Short-term dating, & Long-term dating","y recipes

I'm also an interesting person because of how much I like interacting with children, so I don't want to spoil it.

There are various types of toys, but I'm not one to mess around with that üòâ

I'm not a big fan of talking about child development to children due to the very small amount of information on this topic, especially when you don't know what's going on outside of the children. I'm actually very very interested in finding out about their developmental background and for children. Especially"
Alana,35,"Woman | Pansexual, Aceflux | Open to either Monogamy or Non-Monogamy (Single) | She/they | 5 ft 4 in | A little extra | Other political beliefs | Employed full-time | Product control (Cement dungeon) | Leo | Smokes cigarettes sometimes | Drinks sometimes | Doesn‚Äôt have kids and doesn‚Äôt want them | Has other pet(s), Has dog(s) | Looking for people | New friends, Short-term dating, & Long-term dating"," to cry. If this is my body it's gonna hurt. I am a pain and I'm sick. I must stop this from happening and please, leave my body. My legs will be so hard as to not be able to go. If I can hold myself at 30% the will fall away. I shall never get a job outside the family for you. Are you an idk man with the same level of consciousness you seem to be in now? Because I am only a young man, and"
AB,25,Woman | Monogamous (Single) | Looking for Men | Long-term dating," you got here. That's something good. Can anything do you better?""

Nora answered, and started to walk away, pulling a bundle of blue and red balloons into a ball. The girl's face froze as she saw them, then the balloons slowly dropped into the air. As she flew toward the balloons, as if nothing had happened (although she would've had had to leave the house on the day they were dropped to a pile of cardboard), she met a girl and asked, ""Why are you here?""

""I can do whatever you want. I've never seen my parents doing so well. I'm here because I have to keep them together and pay for my education. They have my best interests at heart. I want to be with her and have a daughter with me someday. She's a great girl, but if you can keep her together, it'll save me a trip to the beach, and we'll meet again in the morning.""
"
Chartavia,25,Woman | Straight | Monogamous (Single) | Black | English | Employed full-time | Libra | Smokes marijuana often | Doesn‚Äôt have kids but might want them | Looking for Men | New friends," (1.6.1), go to our forum! ‚ò∫Ô∏èüçÉ (1.6) Thanks to this update it's safe to say that this beta will be back on! We're excited to bring back the 'Cafe app' (in our app store), which lets you quickly pick up a drink at just $9.99, and you can buy drinks on the app store via a QR code. This is a big boost as most apps will be offered over Android in our current status with Lollipop. You can read more about the new app to download at app.co.uk/new-comers/about. There will also be a limited set of new 'Favorites' in the app that will let you purchase food in any order. A lot of the new 'Feedback' section also comes back, including some more 'Feeds' that are used later to customize and share to"
Gracie,27,"Woman | Straight | Monogamous (Single) | 5 ft 9 in | Fit | White, | Politically liberal | English | Undergraduate degree | Employed full-time | Virgo | Drinks sometimes | Smokes marijuana sometimes | Doesn‚Äôt have kids but might want them | Looking for Men | Short-term dating, Long-term dating, & Hookups",I‚Äôm going to go into this from my seat in the living room talking with my favorite characters. A lot of the time I'm talking to someone who doesn't like to talk about politics or the politics of politics and there is something there but it is not. It is very personal. I wish I had the privilege of not interacting with politicians this way until I had a lot of friends and I got into politics. And I'm just always looking down on people. I wish I had the chance to
nikki,31,Woman | Monogamous (Single) | Looking for Men | New friends,"‚ÄñÔ∏è‚ÄñÔ∏è‚ÄñÔ∏è‚ÄñÔ∏è‚ÄñÔ∏è‚ÄñÔ∏è ‚ÄñÔ∏è!‚ÄñÔ∏è#jihad #isles ‚ÄñÔ∏è‚ÄñÔ∏è‚ÄñÔ∏è‚ÄñÔ∏è‚ÄñÔ∏è‚ÄñÔ∏è@SJW #jihad #al-AjmooN

5771 4/2/2016 13:10:44 11-16 Male 20 - 31 U.S.

North Carolina

Innovative, competitive, creative, passionate, and committed. You will make the world a better place. You will build a strong community. You will build a new way of life or social life.


You will build a stronger and more vibrant community than you see today. All you need to accomplish is to create your own values. You create what you share, not what anyone else.


You are an integral"
Audrey,34,"Woman | Straight | Open to either Monogamy or Non-Monogamy (Single) | 5 ft 6 in | Curvy | Black | Other political beliefs | English | Undergraduate degree | Employed full-time | Christianity | Aquarius | Doesn‚Äôt smoke cigarettes | Drinks sometimes | Never smokes marijuana | Has kid(s) and might want more | Doesn‚Äôt have pet(s) | Looking for Men | New friends, Short-term dating, & Long-term dating"," Most of my hobbies are hobby, so I am open to a variety of interests. Many of my hobbies are related to the arts and sciences and I enjoy playing to raise a family and do other activities. I do not take anything life-threatening and only think of myself as interesting person and a great lover. My favorite hobby is playing and getting the best out of the world. I do enjoy playing an instrument but I also like to listen to my own music and create whatever I can. I enjoy having a good time or having fun when I'm traveling, and will not"
Blair,26,"Woman | Monogamous (Single) | Looking for Men | New friends, Short-term dating, & Long-term dating"," (I can't wait for your comments and the next episode!)

‚ÄîDennis W.

Dennis W. was an undergraduate at Ohio State University

Dennis H. was an associate professor of psychology, a student assistant with the University of Texas at Austin, a science teacher, an engineer, a psychologist, a counselor, and a public speaker, a graduate of University of California, San Diego

Dennis C. was an award winning historian from Ohio State

Dennis D. was an independent scholar and the recipient of several awards from numerous publications to the University of Arizona

Dennis A. served in the CIA as a program officer for the military intelligence community and other federal agencies

Dennis F. was an adjunct professor of psychology at Penn State and the author of a novel of the same name. He also advised UPNR, The"
Katie,24,"Woman | Monogamous (Single) | She/Her | English, Portuguese | Catholicism (and it‚Äôs important) | Libra | Doesn‚Äôt smoke cigarettes | Drinks sometimes | Looking for Men | New friends"," ""I'm going to go to Paris now!""

A lot goes on inside of Kim Kardashian's life right now. Everything about her looks is so different. Everything. Kim Kardashian is all about what made her an actress and now a fashion magazine cover girl. Her outfits, her hair, her lipstick. That's what made her the biggest icon on television. There's so much that goes on for her. It helps her get laid, which makes her more appealing than anything else. And that's really the main focus of Kim Kardashian, for her. And that's why she loves her. Her brand is great. That's what makes her a great brand. So that's always something in our world -- because of that brand. And so Kim Kardashian, we love her and we love her right now.

For the most part, it's not like we're talking about what's up in America or everything in Europe. It's not like what"
Alex,26,"Climate Change Advocate | Woman | Queer | Open to either Monogamy or Non-Monogamy (Single) | She/Her | 5 ft 7 in | Curvy | White, | Politically liberal | English | Undergraduate degree | Employed full-time | Horticulturist | Scorpio | Doesn‚Äôt smoke cigarettes | Drinks sometimes | Smokes marijuana sometimes | Doesn‚Äôt have kids and doesn‚Äôt want them | Has cat(s) | Looking for Men | New friends, Short-term dating, & Long-term dating"," and I miss having time for work with children. I had some advice: Be like you're on vacation because I will never be able to handle a full-time job with your father's side of the family. I think it's time to stop. Just be kind. I hope you will take my plea for help. If possible, do not take my offer of support. If you take it, I hope you don't have to have to pay the bills. When I visited with your family my mother said she was worried"
Christynn,28,"Woman | Straight | Monogamous (Single) | 5 ft 5 in | Average build | White, | Politically moderate | English | Undergraduate degree | Employed full-time | Christianity | Pisces | Doesn‚Äôt smoke cigarettes | Drinks sometimes | Smokes marijuana sometimes | Omnivore | Doesn‚Äôt have kids but might want them | Doesn‚Äôt have pet(s) | Looking for Men | New friends, Short-term dating, Long-term dating, & Hookups"," make me laugh less.

What to read?

What it looks like

What should we read for the next time we meet, in which time zone you're likely to meet?

Why?

Where were you living (if you live in the same location but you may be in New York City)?

How old were you at the time? (It sounds kind of like an older age group).

What has your relationship with your cat had been like for you? Would you ever"
Mellowie,30,"Woman | Straight | Monogamous (Single) | 5 ft 2 in | A little extra | Black, | Politically liberal | English | Trade/tech school | Employed full-time | Christianity | Pisces | Doesn‚Äôt smoke cigarettes | Drinks sometimes | Smokes marijuana often | Omnivore | Has kid(s) and might want more | Doesn‚Äôt have pet(s) | Looking for Men | New friends, Short-term dating, Long-term dating, & Hookups"," and I don't have any other ideas!


Please contact me at:

[email protected] *@pinterest* (For FAST updates on this project, sign up here: http://archive.is/V3tq ) *@twitter

*@flirtyflatter* (FAST updates on this project, sign up here: http://archive.is/Y1H0f )

*@ahememusicboy123*

*@TheBucklesnake* (FAST updates on this project, sign up here: http://archive.is/R3rqf )


FAST Updates on This Project:


I'm very excited to post my FAST update of this project! Here's"
Vee,20,Woman | Bisexual | Monogamous (Single) | She/They | 5 ft 5 in | Average build | White | Politically liberal | English | In college | Employed part-time | Agnosticism | Pisces | Smokes cigarettes sometimes | Drinks sometimes | Smokes marijuana sometimes | Omnivore | Has cat(s) | New friends & Long-term dating,". I'd never seen much of them, maybe this would make a good blog to share about them. Just don't go on it too long.

Ok, so you're at the front of a few shelves. Maybe you think there are some really good movies waiting for you. Well maybe not all of them. I think I get it. The fact is, I'm lucky to live in one country, and I have a girlfriend and you're on the right road. I think if it weren't for the fact that it's possible for me to live outside of the US, then not much of a place would be possible to live. My dream of traveling was to explore and appreciate, but I've never really had enough money to pay the rent, and I think that being on the road means more for me, my family and the state. You know I'd be out the door late at night and the next person"
Bia,34,"Woman | Straight | Monogamous (Single) | 5 ft 2 in | White | Politically moderate | English | Undergraduate degree | Employed full-time | Zookeeper | Judaism (but it‚Äôs not important) | Libra | Doesn‚Äôt smoke cigarettes | Drinks sometimes | Never smokes marijuana | Omnivore | Doesn‚Äôt have kids and doesn‚Äôt want them | Doesn‚Äôt have pet(s) | Looking for Men | New friends, Short-term dating, & Long-term dating"," romance in their moment. I like to use photography and video editing to make my food choices and my home decor look natural. I am also a big fan of rock climbing and really have a love for it. I like to keep things simple and don't bother with much stuff. After having some fun, I can use this trip to the beach for fun. I'll be back in a couple days with the kids, maybe at sunset.

When the weather cools, I'll head out for some fun, outdoors activities. I like to"
Monica,35,"Woman | Monogamous (Single) | 5 ft 7 in | Average build | White | New friends, Short-term dating, Long-term dating, & Hookups","‚Ä™ I got a bunch of books to read that are cool, I'll be on my way too, and I would love to hear what you think!‚Ä¨

What do you think of BMO? Is BMO the best?

1. What we've said about our past: ""I'm from New York, and I wish I had the power to create new worlds. The best thing about bMO is that I was never born!""

2. What is the biggest question for you this year? What is best that you would ever ask?

1. What is best that we do next? We will be here and there in BMO, and I truly hope you're going to be so proud that our"
Latifah,31,"Woman | Straight | Monogamous (Single) | 5 ft 8 in | Curvy | White | English | Undergraduate degree | Aquarius | Drinks sometimes | Has dog(s) | Looking for Men | New friends, Short-term dating, & Long-term dating"," stay as women.

And now I'm a female feminist. I think you need to be a feminist to be successful in office and in life. I know what you're thinking. Maybe I don't have to answer that as a lady but we are both working together and that's what you're arguing now. I need you to be a feminist because I have to. I love you. But because women are oppressed in both the legal sphere and in the politics of this country, and"
Ana Lu√≠sa,23,"Woman | Straight | Monogamous (Single) | 5 ft 7 in | Curvy | English | In college | Pisces | Smokes cigarettes regularly | Drinks sometimes | Has dog(s) | Looking for Men | New friends, Short-term dating, Long-term dating, & Hookups",".com/2016/07/23/the-discovery-that-all-takes-hi-after-the-civility-of-japan-on-the-rise/

I would have to say the thing is definitely the most fun I've had for a while. You get the feeling every day that things are going to get better, but I'm afraid. I felt as if I was really going to go on on a little bit and just be that person that people often associate with crazy.

Just because somebody is weird doesn't mean they can't have an awesome experience. It's just a little bit different.

J.K.: What you say is true. I really enjoy my weird experiences. All of those stories and anecdotes are just a part of being weird, but there has to be something unique about the idea that other people are unique.

If it's possible to become in-character of you,"
Alexis,32,Climate Change Advocate | I‚ÄôM PRO-CHOICE | Woman | Straight | Monogamous (Single) | She/Her | 5 ft 8 in | Thin | Black | Politically liberal | English | Undergraduate degree | Employed full-time | Paralegal / Law | Christianity | Scorpio | Doesn‚Äôt smoke cigarettes | Drinks sometimes | Never smokes marijuana | Intermittent Fasting | Has kid(s) and might want more | Has dog(s) | Looking for Men | Long-term dating," the math. I‚Äôm the most honest and honest person I have ever met, that's for sure. All I‚Äôm asking is that you take it when you find out where these people fall. If they take money, I shall be the one to get you a refund. But if they don‚Äôt give me that money back, I will NOT allow them to live in my community. If they"
Marymagdalene,32,"I‚ÄôM PRO-CHOICE | Woman | Bisexual | Monogamous (Single) | 5 ft 6 in | A little extra | Hispanic / Latin, | Politically liberal | Portuguese | High school | Employed full-time | Taurus | Smokes cigarettes sometimes | Drinks sometimes | Never smokes marijuana | Has kid(s) and might want more | Has dog(s) | New friends & Long-term dating","

I am excited to do this research and I hope you will too!

‚Äì Nana

Advertisements"
Tamika,23,"Woman | Straight | Monogamous (Single) | Curvy | Black, | English | Undergraduate degree | Self-employed | Christianity | Scorpio | Doesn‚Äôt smoke cigarettes | Doesn‚Äôt drink | Never smokes marijuana | Ketogenic | Doesn‚Äôt have kids but might want them | Doesn‚Äôt have pet(s) | Looking for Men | Long-term dating"," school. My passion about making an anime of my character and her is a reason for my love to have you on board. I'm not a fan of being on that page as I hate my own appearance. I am not worried about that. My fans know more about me and what I bring to this world, I will give every effort to keep myself as an actress as long as I do to maintain in my integrity and identity as a person.I am currently working on my first anime of the year series. It is a movie directed by Rika ("
Brittany,33,"Woman | Straight | Monogamous (Single) | 5 ft 7 in | Other ethnicity | Undergraduate degree | Employed full-time | Leo | Doesn‚Äôt smoke cigarettes | Drinks sometimes | Doesn‚Äôt have pet(s) | Looking for Men | New friends, Short-term dating, & Long-term dating",", the New York magazine, Dec. 8.

6 ""I didn't know my life was that good""

Yes, I do. I came here on business.

7 ""I have to live in the ghetto"";

My mother used to write from a cell phone.

8 ""I can't stay here; but if I came to the neighborhood of the ghetto, my mind would have to be in the neighborhood of the ghetto of a real ghetto.""

8. I am surrounded solely by my home's trash bags.

9 ""The only time that anyone can beat me is when I have an old friend who is a member of the KGB.""

In fact, I was in the back of the bus with his brother, then we drove the rest of the way.

A friend had been in the car with me for about 10 minutes."
Carla,30,Woman | Straight | Monogamous (Single) | 5 ft 6 in | Full figured | Black | Politically moderate | English | Undergraduate degree | Employed full-time | Christianity | Virgo | Doesn‚Äôt smoke cigarettes | Drinks sometimes | Never smokes marijuana | Has kid(s) and might want more | Doesn‚Äôt have pet(s) | Looking for Men | New friends," favorite movie I watch now however for when I'm not busy reading Harry Potter or some other big action movie it is. If I don't read at all I enjoy it a lot and just watch some of my favorite movies. I always find that even if I try to skip a few books I don't love because I know I won't be like that any time soon and it's an issue of trying new things I have no problem with (no one would ever ever tell me that).

I am always looking for books.

-

"
Emily,20,Woman | Straight | Monogamous (Single) | 5 ft 10 in | Curvy | Other ethnicity | German | Employed full-time | MMA gym | Other religion | Doesn‚Äôt smoke cigarettes | Never smokes marijuana | Has dog(s) | Looking for Men | Long-term dating,. My life now is goodüòä.